clade	species	length	orf_valid	gc_content	gc_stretch_count	codon_CTG	codon_TGG	codon_AGA	codon_GAG	codon_AGT	codon_AAG	codon_AAA	codon_TAG	codon_CCC	codon_CGT	codon_ATC	codon_AGG	codon_GTC	codon_CAG	codon_GGT	codon_GGC	codon_CCT	codon_GTA	codon_GTT	codon_CTC	codon_GTG	codon_GGG	codon_GAA	codon_GCC	codon_CTT	codon_GCT	codon_CGC	codon_GAC	codon_GCG	codon_CAT	codon_CCG	codon_CAC	codon_GAT	codon_GGA	codon_CGA	codon_CCA	codon_GCA	codon_TCG	codon_CGG	codon_ACC	codon_ACG	codon_AGC	codon_TGC	codon_CAA	codon_TCT	codon_TTG	codon_TCC	codon_TTC	codon_TTT	codon_TGT	codon_TAT	codon_TGA	codon_AAT	codon_TAA	codon_TAC	codon_ATA	codon_ATT	codon_ACA	codon_ATG	codon_AAC	codon_ACT	codon_TCA	codon_CTA	codon_TTA
NC_072380.2	-1::NC_072380.2:156855389-156865916	10527	False	0.6699	2	210.0	34.0	23.0	111.0	23.0	17.0	14.0	12.0	92.0	57.0	23.0	20.0	144.0	297.0	91.0	228.0	63.0	68.0	38.0	259.0	54.0	98.0	67.0	172.0	86.0	67.0	47.0	80.0	93.0	57.0	78.0	172.0	85.0	56.0	26.0	29.0	24.0	7.0	24.0	18.0	13.0	42.0	46.0	15.0	18.0	20.0	20.0	26.0	13.0	38.0	3.0	9.0	15.0	2.0	8.0	11.0	3.0	12.0	7.0	11.0	13.0			
NC_072393.2	1::NC_072393.2:4562511-4577508	14997	False	0.5677	1	2.0		4.0		5.0		11.0		685.0	12.0	220.0		25.0	125.0			293.0			405.0				132.0	3.0		15.0	1.0		183.0	38.0	149.0	3.0		11.0	415.0	6.0	2.0	2.0	204.0	1.0	92.0	3.0	129.0	276.0		341.0	119.0		4.0	5.0		153.0		224.0	8.0	139.0	129.0		4.0	58.0	118.0	245.0	
NC_072393.2	-3::NC_072393.2:9195524-9212183	16659	False	0.489	2	71.0	152.0	321.0	51.0	265.0	74.0	54.0	26.0	66.0	34.0	75.0	208.0	102.0	94.0	331.0	102.0	60.0	16.0	48.0	168.0	45.0	92.0	52.0	40.0	58.0	164.0	9.0	77.0	5.0	171.0	7.0	141.0	110.0	267.0	15.0	36.0		3.0	4.0	53.0	3.0	90.0	89.0	74.0	73.0	57.0	75.0	163.0	81.0	396.0	62.0	270.0	70.0	34.0	32.0	22.0	62.0		67.0	59.0	107.0			
NC_072387.2	-1::NC_072387.2:1318-12442	11124	False	0.5032	1	3.0				1.0				466.0			1.0			1.0		1350.0														33.0		1.0							1.0		1.0					1.0							466.0	1.0					1382.0				
NC_072387.2	3::NC_072387.2:1319-12437	11118	False	0.5032	1		1.0							1.0				1.0			1.0	466.0			1.0	1.0														33.0	1.0				1382.0										1.0							1.0	1.0		466.0			1349.0	
NC_072387.2	-2::NC_072387.2:29558265-29569824	11559	False	0.3751	2	84.0	89.0	76.0	34.0	73.0	129.0	138.0	48.0	22.0	8.0	157.0	78.0	65.0	55.0	23.0	31.0	31.0	36.0	42.0	67.0	30.0	27.0	56.0	25.0	93.0	37.0	6.0	23.0	9.0	72.0	6.0	55.0	49.0	32.0	7.0	44.0	36.0	20.0	3.0	34.0	12.0	68.0	90.0	98.0	77.0	74.0	68.0	186.0	217.0	82.0	72.0	77.0	125.0	96.0	52.0	79.0	138.0	51.0	69.0	100.0	72.0			
NC_072387.2	-3::NC_072387.2:112663079-112684070	20991	False	0.3803	2	174.0	183.0	163.0	56.0	132.0	116.0	127.0	94.0	65.0	14.0	224.0	127.0	103.0	94.0	41.0	38.0	74.0	41.0	114.0	205.0	69.0	56.0	76.0	39.0	271.0	73.0	11.0	43.0	7.0	167.0	4.0	70.0	71.0	58.0	12.0	38.0	29.0	14.0	11.0	82.0	19.0	58.0	161.0	105.0	165.0	255.0	121.0	413.0	508.0	220.0	158.0	252.0	175.0	141.0	104.0	88.0	198.0	71.0	133.0	103.0	163.0			
NC_072378.2	-1::NC_072378.2:23827356-23839515	12159	False	0.6361	1	4.0	3.0	827.0	1238.0	6.0	19.0	20.0	5.0	2.0	1.0	1.0	487.0	1.0	106.0	7.0	100.0	6.0	4.0	1.0	4.0	11.0	464.0	19.0	3.0	2.0	2.0		7.0	28.0	4.0	1.0	5.0	6.0	426.0	6.0	1.0	121.0	1.0	24.0	4.0	7.0	19.0		7.0	2.0	1.0	1.0	1.0		2.0		9.0	5.0	1.0	2.0	3.0	2.0	5.0	5.0	2.0	2.0			
NC_072378.2	-3::NC_072378.2:23827732-23839525	11793	False	0.6426	1	3.0	5.0	808.0	1234.0	2.0	17.0	4.0		1.0		1.0	524.0		120.0	3.0	111.0		2.0	1.0		8.0	444.0	18.0	1.0	1.0	2.0		8.0	22.0			2.0	1.0	414.0	15.0	1.0	93.0		19.0		5.0	19.0	1.0	3.0		2.0	1.0					3.0	1.0	1.0		1.0		7.0		1.0	1.0			
NC_072378.2	1::NC_072378.2:25586883-25599510	12627	False	0.3969	0	159.0	162.0	3.0	2.0	160.0	160.0	2.0		4.0	1.0	159.0	2.0	159.0	4.0		4.0	8.0			315.0	1.0	1.0	162.0	3.0	1.0					483.0		159.0	1.0	161.0		1.0	46.0			1.0		1.0	36.0	2.0	465.0		8.0	163.0	159.0	2.0	2.0				126.0	123.0	160.0	274.0	38.0		2.0	322.0	1.0	1.0
NC_072378.2	2::NC_072378.2:25586953-25599583	12630	False	0.3959	0	162.0	159.0	6.0	1.0	164.0	161.0	3.0		5.0		160.0	2.0	162.0	1.0		4.0	6.0	1.0		313.0		1.0	163.0	2.0		2.0			1.0	478.0		163.0	1.0	159.0			34.0						37.0	1.0	467.0	1.0	8.0	159.0	160.0		2.0		2.0		123.0	117.0	161.0	286.0	47.0	2.0	1.0	321.0	1.0	
NC_072378.2	3::NC_072378.2:25586972-25599479	12507	False	0.3965	0	162.0	162.0	1.0	2.0	159.0	162.0	1.0		8.0		159.0		159.0				5.0			312.0	2.0		159.0			2.0				477.0		160.0		160.0	1.0	2.0	38.0				1.0	1.0	45.0		468.0		5.0	159.0	160.0						115.0	126.0	158.0	283.0	34.0			321.0		
NC_072378.2	1::NC_072378.2:169658001-169672956	14955	False	0.4665	0	140.0	119.0	129.0	1.0	122.0	1.0	1.0		52.0	2.0	307.0	2.0		250.0	1.0		1.0	130.0		11.0	138.0		272.0	1.0	1.0		100.0	2.0	4.0	118.0	3.0	404.0	1.0	136.0		179.0	255.0		9.0	44.0	100.0	6.0	162.0	133.0	1.0	1.0	129.0	19.0	2.0	127.0	139.0		258.0				28.0	272.0	171.0	135.0	144.0	221.0	1.0	
NC_072378.2	3::NC_072378.2:169658006-169672799	14793	False	0.4666	0	125.0	122.0	133.0		128.0		1.0		43.0	8.0	314.0	6.0		254.0				139.0	1.0	16.0	118.0	1.0	251.0	1.0	1.0		82.0	1.0	9.0	108.0	2.0	424.0	1.0	142.0		147.0	268.0		6.0	55.0	100.0	5.0	170.0	137.0	1.0		135.0	18.0		130.0	125.0		267.0				19.0	251.0	160.0	128.0	149.0	229.0		
NC_072378.2	2::NC_072378.2:169658053-169673170	15117	False	0.4664	0	134.0	140.0	125.0		115.0		1.0		29.0	3.0	325.0	2.0	1.0	272.0			1.0	130.0		17.0	126.0	1.0	261.0	1.0		1.0	100.0	8.0	6.0	103.0	7.0	416.0		128.0	1.0	191.0	264.0		5.0	53.0	83.0	9.0	173.0	141.0			120.0	29.0	4.0	144.0	132.0		269.0		1.0	2.0	18.0	265.0	177.0	138.0	144.0	219.0	1.0	3.0
NC_072390.2	-2::NC_072390.2:5555-15794	10239	False	0.5234	1				1.0	2.0				284.0		1.0						1415.0		1.0	2.0								112.0				5.0												1.0					1.0				2.0	153.0			1.0			1432.0				
NC_072390.2	1::NC_072390.2:5556-15858	10302	False	0.5221	1			1.0			1.0	1.0		1.0				2.0			1.0	153.0		1.0	3.0			1.0			2.0		1.0			112.0					18.0	1.0			1548.0	1.0					3.0			2.0		2.0					2.0	3.0	1.0		154.0	1.0	4.0	1412.0	2.0
NC_072389.2	1::NC_072389.2:47916144-47926380	10236	False	0.5124	2	82.0	33.0	60.0	143.0	78.0	80.0	67.0		71.0	9.0	29.0	96.0	34.0	153.0	38.0	63.0	115.0	33.0	43.0	52.0	58.0	52.0	133.0	76.0	44.0	85.0	5.0	73.0	7.0	52.0	11.0	63.0	91.0	53.0	9.0	103.0	61.0	9.0	4.0	57.0	4.0	99.0	37.0	63.0	116.0	55.0	72.0	38.0	47.0	38.0	21.0		66.0		18.0	18.0	26.0	67.0	50.0	42.0	75.0	71.0	26.0	38.0
NC_072377.2	1::NC_072377.2:83412036-83422569	10533	False	0.4122	0	42.0	10.0	41.0	150.0	67.0	127.0	179.0		26.0	9.0	27.0	21.0	32.0	72.0	43.0	23.0	83.0	63.0	70.0	24.0	63.0	15.0	327.0	25.0	39.0	75.0	1.0	54.0	6.0	56.0	13.0	26.0	111.0	58.0	2.0	141.0	103.0	8.0	3.0	38.0	6.0	27.0	8.0	75.0	147.0	58.0	58.0	25.0	62.0	14.0	45.0		68.0		13.0	49.0	75.0	97.0	43.0	25.0	72.0	169.0	34.0	68.0
NC_072396.2	1::NC_072396.2:1583184-1593345	10161	False	0.4356	1	4.0		2.0	215.0	420.0	1.0			38.0	205.0	5.0			1.0	2.0	1.0	2.0	1.0							2.0	2.0		10.0		433.0	264.0	215.0	8.0			117.0			1.0		3.0	215.0		3.0	1.0					3.0	5.0		347.0		1.0	205.0	2.0	12.0	216.0	208.0	1.0		215.0	1.0
NC_072396.2	-2::NC_072396.2:1583194-1593295	10101	False	0.4356	1			216.0						38.0	3.0	432.0		209.0			1.0		206.0		2.0	213.0						260.0					124.0	1.0		4.0		215.0				10.0		3.0	3.0			4.0	3.0				216.0	3.0	1.0	420.0	348.0		422.0	10.0					
NC_072388.2	-2::NC_072388.2:104093834-104110223	16389	False	0.5898	2	209.0	102.0	106.0	141.0	68.0	41.0	38.0	14.0	128.0	19.0	150.0	80.0	306.0	254.0	47.0	220.0	42.0	3.0	10.0	267.0	67.0	309.0	96.0	161.0	391.0	124.0	35.0	79.0	11.0	177.0	20.0	365.0	50.0	142.0	53.0	16.0	7.0	7.0	55.0	68.0	2.0	82.0	74.0	27.0	34.0	32.0	89.0	111.0	184.0	72.0	24.0	41.0	44.0	14.0	19.0	4.0	8.0	9.0	15.0	43.0	57.0			
NC_072394.2	-1::NC_072394.2:0-32328	32328	False	0.5714	0							1.0		4333.0								94.0						2889.0								190.0	1.0												1444.0		1.0								1444.0			1.0			378.0				
NC_072394.2	2::NC_072394.2:1-32380	32379	False	0.5711	0	2.0				1.0	2.0	1.0								1.0		1444.0		1.0				1.0								2890.0				190.0					283.0			1.0	1.0			1.0	1.0					2.0		1.0			95.0		5778.0	2.0	1.0	94.0	
NC_072394.2	-3::NC_072394.2:922-31264	30342	False	0.5714	0																	1444.0														2889.0				1.0					1.0																		1.0		5778.0				
NC_072394.2	3::NC_072394.2:923-31265	30342	False	0.5715	0									1.0														1.0												2889.0					4334.0				1.0														1444.0					1444.0	
NC_072383.2	2::NC_072383.2:37950661-37962124	11463	False	0.4877	0	13.0	5.0	90.0	45.0	27.0	6.0	43.0				2.0	18.0	8.0	7.0	35.0	14.0	19.0	52.0	60.0	5.0	244.0	314.0	134.0	9.0	6.0	243.0		4.0	6.0		3.0	2.0	9.0	439.0	5.0	119.0	62.0	5.0	1.0	17.0	9.0		1.0	32.0	67.0	10.0	2.0	1.0	12.0		3.0		20.0		4.0	71.0	36.0	584.0	17.0	2.0	297.0	417.0	119.0	46.0
NC_072376.2	3::NC_072376.2:199870073-199880873	10800	False	0.7348	1	4.0	125.0	1.0	1.0	77.0	1.0	1.0		477.0	2.0	1.0	1.0	77.0	78.0	1.0	304.0	261.0	1.0		128.0	1.0			351.0	133.0	1.0	46.0	1.0		171.0	175.0	2.0		2.0		247.0	1.0	59.0	176.0	2.0		2.0		1.0		2.0	326.0	181.0		1.0					1.0		43.0	1.0	127.0	1.0		5.0		
NC_072376.2	-3::NC_072376.2:199870082-199880756	10674	False	0.7372	1	3.0	125.0	1.0		77.0	1.0	1.0		476.0	2.0		1.0	76.0	77.0		304.0	259.0			126.0	1.0			350.0	132.0		45.0	1.0		169.0	174.0	2.0		2.0		245.0		59.0	176.0	2.0				1.0			323.0	176.0							1.0		42.0	1.0	126.0	1.0				
NC_072376.2	1::NC_072376.2:199870101-199880838	10737	False	0.7362	1		126.0			74.0	1.0			480.0	4.0	3.0	1.0	79.0	75.0		301.0	259.0			127.0	1.0		1.0	348.0	134.0	2.0	48.0			172.0	170.0	2.0		1.0		246.0	1.0	54.0	182.0	2.0		4.0	2.0	1.0	3.0		326.0	176.0					1.0				43.0	2.0	125.0		1.0	1.0		
NC_072376.2	2::NC_072376.2:199870135-199880899	10764	False	0.7353	1	1.0	125.0	1.0	1.0	75.0		1.0		478.0	2.0	2.0		78.0	78.0		308.0	260.0	1.0		130.0		1.0		350.0	137.0	2.0	43.0			170.0	171.0	2.0				245.0	3.0	53.0	179.0	4.0		1.0		1.0	1.0		330.0	177.0		1.0			1.0			1.0	45.0	2.0	125.0			2.0		
NC_072376.2	-2::NC_072376.2:199870176-199880916	10740	False	0.7353	1		127.0			75.0			1.0	475.0	3.0	4.0	1.0	79.0	76.0		301.0	260.0			126.0	1.0			348.0	135.0	3.0	47.0	2.0		172.0	170.0	4.0				247.0	1.0	54.0	182.0	1.0		2.0	1.0	2.0	5.0		326.0	176.0		1.0		1.0					43.0		126.0	1.0	1.0			
NC_072376.2	-1::NC_072376.2:199870183-199880812	10629	False	0.7378	1	1.0	125.0			74.0				476.0	2.0	1.0		77.0	77.0		308.0	259.0			127.0				348.0	133.0		43.0			170.0	171.0					243.0		53.0	179.0	1.0		1.0			1.0		327.0	177.0									44.0		125.0					
NC_072381.2	3::NC_072381.2:137690549-137701628	11079	False	0.5547	1	11.0	10.0	2.0	4.0	2.0	3.0	5.0		4.0	1.0	469.0	12.0	6.0	6.0	4.0	2.0	5.0	1.0	3.0	5.0	1321.0	43.0	1.0	3.0	4.0	4.0		5.0	351.0	2.0	1.0	1.0	1.0	8.0		3.0	10.0		2.0	7.0	226.0	4.0	1.0	2.0	4.0	3.0	2.0	3.0	2.0	7.0					1.0	6.0	3.0	4.0	1085.0	6.0	7.0	2.0	3.0	
NC_072381.2	-2::NC_072381.2:137690870-137701595	10725	False	0.5552	0	4.0	1.0	1.0	3.0	1.0	3.0	1.0		1.0	1.0	469.0	8.0	3.0	2.0	1.0		1.0	1.0		3.0	1314.0	42.0		2.0	1.0	2.0		2.0	351.0	1.0			1.0	4.0		1.0	6.0		1.0	6.0	226.0	3.0	1.0	1.0	1.0	2.0	1.0	2.0		3.0					1.0	5.0	2.0	3.0	1082.0	2.0	2.0			
NC_072381.2	2::NC_072381.2:137690992-137701819	10827	False	0.5534	0	2.0	5.0	2.0	3.0	8.0	2.0				233.0	3.0	1.0	2.0	3.0	1085.0	358.0	1.0	1.0	3.0		10.0	42.0	1.0	3.0	2.0	7.0	2.0	4.0		12.0		227.0	1547.0	1.0			1.0					1.0		2.0	1.0		1.0		1.0	1.0			11.0		2.0	1.0		3.0	9.0	1.0		3.0		1.0
NC_072381.2	-3::NC_072381.2:137691013-137701645	10632	False	0.5546	0		2.0		2.0	7.0	2.0				233.0	1.0		1.0	2.0	1079.0	357.0			1.0		4.0	42.0	1.0		1.0	7.0	2.0	3.0		12.0		226.0	1539.0											2.0	1.0		1.0			1.0			10.0					1.0	3.0	1.0				
NC_072381.2	-2::NC_072381.2:139192589-139202909	10320	False	0.5065	0		1.0						206.0				1511.0			144.0			3.0	1508.0			66.0																											1.0															
NC_072381.2	1::NC_072381.2:139192782-139202910	10128	False	0.5062	0												179.0			64.0			2.0	115.0			1508.0																											1.0															1507.0
NC_072373.2	3::NC_072373.2:98060351-98070545	10194	False	0.5033	1	6.0	7.0	147.0	106.0	135.0	13.0	19.0		3.0	10.0	5.0	68.0	24.0	129.0	91.0	149.0	8.0	6.0	29.0	3.0	21.0	88.0	86.0	38.0	3.0	18.0	1.0	43.0	3.0	231.0	1.0	206.0	41.0	313.0	10.0	21.0	21.0	2.0	1.0	39.0	3.0	37.0	4.0	164.0	178.0	8.0	125.0	9.0	41.0	21.0	40.0		16.0		22.0	19.0	11.0	158.0	4.0	11.0	150.0	226.0	2.0	4.0
NC_072373.2	1::NC_072373.2:98106582-98117661	11079	False	0.5517	2	6.0	12.0	173.0	125.0	114.0	20.0	35.0		50.0	52.0	2.0	85.0	13.0	243.0	42.0	60.0	20.0	20.0	19.0	4.0	35.0	129.0	138.0	46.0	3.0	48.0	22.0	140.0	1.0	149.0	7.0	234.0	43.0	224.0	11.0	19.0	121.0	23.0	40.0	22.0	10.0	128.0		103.0	141.0	8.0	213.0	18.0	5.0	1.0	30.0		21.0		35.0	8.0	18.0	55.0	3.0	39.0	67.0	231.0	5.0	4.0
NC_072373.2	3::NC_072373.2:98175287-98187518	12231	False	0.5801	0	3.0	9.0	8.0	63.0	62.0	3.0	8.0		19.0	50.0	3.0	32.0	2.0	267.0	213.0	435.0	33.0		1.0	2.0	4.0	188.0	24.0	14.0	3.0	23.0	25.0	10.0	3.0	220.0		172.0	9.0	167.0	88.0	46.0	5.0	53.0	17.0	17.0	8.0	230.0	10.0	146.0	585.0	11.0	267.0	2.0	29.0	16.0	85.0		16.0		61.0	3.0	3.0	10.0	2.0	13.0	31.0	234.0		14.0
NC_072397.2	3::NC_072397.2:5037707-5054327	16620	False	0.6154	1	28.0	1.0	7.0		2.0		15.0		587.0	16.0	43.0	2.0	17.0	7.0	1.0	3.0	714.0		1.0	662.0	1.0		2.0	39.0	223.0	8.0	16.0	5.0		56.0	11.0	611.0		2.0	9.0	310.0	9.0	15.0		281.0	7.0	4.0	23.0	59.0	254.0	8.0	694.0	209.0	16.0	6.0	4.0		3.0		26.0	4.0	8.0	366.0	1.0	43.0	35.0	44.0	21.0	1.0
NC_072397.2	1::NC_072397.2:5038917-5054298	15381	False	0.6156	1	28.0	1.0	3.0	3.0	1.0		22.0		554.0	10.0	43.0		16.0	7.0			640.0	1.0	6.0	666.0	1.0	1.0	1.0	33.0	230.0	2.0	17.0	9.0		50.0	17.0	583.0	1.0		3.0	266.0	6.0	8.0		244.0	8.0	1.0	30.0	43.0	193.0	3.0	623.0	221.0	9.0	2.0	5.0		3.0		19.0	7.0	9.0	353.0	1.0	44.0	31.0	34.0	13.0	2.0
NC_072385.2	-3::NC_072385.2:103639377-103650225	10848	False	0.4182	0	38.0	18.0	128.0	191.0	101.0	7.0	155.0	1.0	1.0			56.0	1.0	96.0	46.0	5.0		175.0	9.0	2.0	194.0	11.0	96.0	45.0		1.0	1.0	2.0	1.0	61.0		291.0	45.0	34.0	37.0	21.0	55.0			1.0	87.0	60.0	1.0	21.0	2.0	9.0		2.0	4.0	154.0	2.0	210.0	163.0	2.0	237.0	113.0		353.0	176.0		94.0			
NC_072385.2	-2::NC_072385.2:103639411-103650247	10836	False	0.4177	0	95.0	47.0	131.0	238.0	69.0	4.0	100.0		1.0	1.0	1.0	56.0		88.0	30.0	13.0		108.0	10.0		183.0	21.0	131.0	28.0				16.0	1.0	106.0	1.0	184.0	24.0	21.0	86.0	45.0	37.0		1.0		51.0	38.0		51.0	2.0	7.0	1.0		6.0	161.0	3.0	208.0	169.0	3.0	283.0	153.0	1.0	421.0	116.0	2.0	59.0			
NC_072385.2	-1::NC_072385.2:103639424-103650215	10791	False	0.4181	0	59.0	36.0	130.0	219.0	58.0		137.0			2.0		45.0		125.0	80.0	5.0	1.0	73.0	3.0		184.0	14.0	151.0	21.0				11.0		82.0		260.0	64.0	26.0	51.0	28.0	30.0				38.0	97.0		35.0		6.0			9.0	239.0		125.0	142.0	1.0	260.0	167.0	1.0	410.0	132.0	3.0	37.0			
NC_072385.2	-3::NC_072385.2:106371603-106388343	16740	False	0.439	2	168.0	283.0	284.0	35.0	109.0	101.0	85.0	82.0	129.0	10.0	117.0	110.0	40.0	75.0	70.0	26.0	83.0	11.0	65.0	232.0	54.0	82.0	62.0	34.0	141.0	65.0	10.0	46.0	27.0	143.0	14.0	143.0	40.0	58.0	14.0	31.0	27.0	21.0	12.0	75.0	16.0	39.0	77.0	157.0	116.0	274.0	97.0	180.0	276.0	113.0	88.0	171.0	72.0	109.0	107.0	46.0	92.0	47.0	122.0	52.0	115.0			
NC_072384.2	-3::NC_072384.2:1565-11657	10092	False	0.5169	0									82.0								1599.0															170.0				1.0				1.0														82.0						1429.0				
NC_072384.2	1::NC_072384.2:1566-11799	10233	False	0.5207	1									16.0								88.0			170.0											2.0	12.0			10.0					1601.0																				83.0			1429.0	
NC_072384.2	3::NC_072384.2:2057-12413	10356	False	0.5345	2	10.0	7.0	3.0	6.0	1.0		2.0		27.0	2.0		5.0	2.0	7.0	3.0	8.0	1603.0		2.0	4.0	4.0	17.0	3.0	4.0		3.0	10.0	2.0	10.0		16.0	171.0	3.0	5.0	2.0	8.0	4.0	1.0	11.0	18.0	3.0	5.0	3.0	1.0	3.0	2.0	4.0	2.0	2.0	1.0					1.0		1.0	2.0	1.0	1431.0		6.0		
NC_072384.2	-3::NC_072384.2:78236099-78253337	17238	False	0.4268	2	65.0	212.0	103.0	44.0	173.0	105.0	74.0	35.0	34.0	13.0	205.0	152.0	94.0	70.0	106.0	81.0	26.0	56.0	81.0	116.0	25.0	37.0	67.0	90.0	150.0	66.0	9.0	100.0	19.0	59.0	25.0	105.0	82.0	41.0	2.0	97.0	33.0	33.0	10.0	130.0	47.0	136.0	115.0	42.0	134.0	59.0	159.0	332.0	281.0	185.0	92.0	86.0	200.0	55.0	113.0	134.0	150.0	44.0	35.0	209.0	113.0			
NC_072384.2	1::NC_072384.2:141461688-141472056	10368	False	0.5255	1	4.0	1.0	1.0		248.0	1.0	3.0		49.0	7.0	4.0	4.0	8.0	146.0	5.0	4.0	204.0		343.0	334.0	4.0	1.0		2.0	36.0	8.0	12.0	5.0	6.0	8.0	47.0	472.0	1.0		2.0	179.0	9.0	1.0	13.0	4.0	63.0	6.0	4.0	5.0	6.0	2.0	280.0	147.0	7.0	5.0			1.0		12.0		3.0	194.0	4.0	1.0	133.0	393.0	2.0	12.0
NC_072384.2	3::NC_072384.2:141461759-141472808	11049	False	0.5328	2	9.0	2.0	4.0	5.0	253.0		2.0		97.0	6.0	3.0	4.0	9.0	270.0	104.0	9.0	97.0	1.0	146.0	409.0	4.0	2.0		13.0	26.0	15.0	20.0	3.0	12.0	8.0	11.0	387.0	3.0		3.0	84.0	11.0	6.0	12.0	10.0	18.0	11.0	6.0	4.0	5.0	3.0	408.0	279.0	6.0	2.0			3.0		16.0	3.0	3.0	249.0	2.0	1.0	273.0	319.0		12.0
NC_072379.2	1::NC_072379.2:10084011-10095126	11115	False	0.5064	1	25.0	6.0	11.0	96.0	150.0	11.0	9.0		159.0	2.0	152.0	22.0	37.0	20.0	23.0	18.0	82.0	16.0	16.0	50.0	45.0	8.0	46.0	58.0	14.0	20.0	6.0	20.0	5.0	15.0	10.0	80.0	7.0	12.0	5.0	71.0	25.0	20.0	1.0	531.0	47.0	142.0	3.0	8.0	216.0	49.0	152.0	102.0	26.0	6.0	12.0		31.0		30.0	19.0	28.0	276.0	66.0	20.0	372.0	174.0	5.0	17.0
NC_072379.2	2::NC_072379.2:10114819-10129846	15027	False	0.4978	2	45.0	6.0	22.0	105.0	191.0	40.0	23.0		165.0	6.0	198.0	26.0	50.0	32.0	37.0	29.0	118.0	21.0	23.0	84.0	66.0	15.0	68.0	128.0	21.0	30.0	1.0	45.0	8.0	26.0	16.0	95.0	6.0	9.0	5.0	96.0	52.0	32.0	7.0	626.0	55.0	150.0	4.0	7.0	292.0	71.0	205.0	122.0	32.0	4.0	24.0		53.0		32.0	29.0	55.0	427.0	107.0	53.0	458.0	219.0	7.0	30.0
NC_072379.2	2::NC_072379.2:10129849-10170319	40470	False	0.5132	1	37.0	11.0	26.0	502.0	649.0	128.0	14.0		631.0	18.0	839.0	123.0	31.0	61.0	27.0	96.0	267.0	6.0	21.0	30.0	73.0	69.0	41.0	313.0	32.0	60.0	42.0	28.0	17.0	43.0	21.0	597.0	7.0	3.0	1.0	91.0	36.0	183.0	4.0	2181.0	82.0	692.0	8.0	24.0	715.0	275.0	290.0	627.0	83.0	9.0	9.0		122.0		40.0	40.0	212.0	353.0	64.0	109.0	1465.0	851.0	3.0	58.0
NC_072379.2	2::NC_072379.2:10200553-10224523	23970	False	0.5545	1	62.0	19.0	35.0	101.0	251.0	11.0	29.0		158.0	45.0	40.0	3.0	72.0	70.0	68.0	386.0	318.0	12.0	84.0	172.0	33.0	4.0	346.0	212.0	80.0	36.0	58.0	125.0	31.0	21.0	43.0	278.0	27.0	91.0	17.0	262.0	181.0	52.0	26.0	589.0	119.0	632.0		74.0	202.0	10.0	321.0	174.0	54.0	3.0	8.0		5.0		77.0	17.0	17.0	912.0	53.0	23.0	239.0	500.0	31.0	71.0
NC_072379.2	3::NC_072379.2:10250285-10260395	10110	False	0.4996	0	14.0	2.0	27.0	52.0	192.0	6.0	9.0		22.0	4.0	21.0	18.0	71.0	3.0	54.0	22.0	243.0	9.0	55.0	12.0	98.0	4.0	154.0	92.0	59.0	105.0	8.0	55.0	1.0	7.0	26.0	7.0	5.0	32.0	1.0	133.0	16.0	5.0	1.0	279.0	25.0	206.0		5.0	198.0	7.0	32.0	7.0	15.0	3.0	5.0		12.0		1.0	32.0	19.0	208.0	104.0	18.0	346.0	149.0	8.0	46.0
NC_072391.2	-3::NC_072391.2:5548707-5558754	10047	False	0.76	2	125.0	3.0	121.0	122.0			1.0	1.0	366.0	1.0	4.0	123.0	1.0	121.0	1.0	123.0	123.0	1.0	1.0	122.0	6.0	726.0	1.0	1.0	1.0	121.0	123.0	1.0	1.0	1.0	121.0	3.0	3.0	4.0	121.0	2.0	122.0	2.0	1.0	120.0	2.0	1.0	122.0		123.0		123.0	1.0		1.0	1.0	1.0	1.0	121.0	1.0	3.0	2.0	1.0	1.0	1.0	2.0			
NC_072391.2	3::NC_072391.2:5548805-5558828	10023	False	0.7614	2	4.0	126.0	121.0	2.0	2.0	121.0	1.0		245.0	4.0	1.0	243.0	123.0	123.0	3.0	242.0	244.0	1.0	1.0	122.0	124.0	364.0		363.0	1.0	3.0	1.0	1.0	122.0	1.0	4.0	120.0	3.0	1.0		1.0		121.0	122.0			1.0	3.0	1.0	1.0		2.0	2.0			2.0		1.0		1.0	1.0	1.0		1.0		1.0	121.0	121.0	
NC_072391.2	-3::NC_072391.2:5582139-5593644	11505	False	0.7608	2	143.0	3.0	139.0	140.0			1.0	1.0	421.0	1.0	4.0	141.0	1.0	139.0	2.0	141.0	141.0	1.0		140.0	6.0	834.0	1.0	1.0	1.0	139.0	141.0	1.0	1.0	1.0	138.0	3.0	3.0	4.0	139.0	2.0	140.0	2.0	1.0	138.0	2.0	1.0	140.0		141.0		141.0	1.0		1.0	1.0	1.0	1.0	139.0	1.0	3.0	2.0	1.0	1.0	1.0	2.0			
NC_072391.2	3::NC_072391.2:5582237-5593718	11481	False	0.762	2	4.0	144.0	139.0	2.0	2.0	139.0	1.0		282.0	4.0	1.0	279.0	141.0	141.0	2.0	278.0	280.0	1.0	1.0	140.0	142.0	419.0		416.0	1.0	3.0	1.0	1.0	140.0	1.0	4.0	138.0	3.0	1.0		1.0		139.0	140.0			1.0	3.0	1.0	1.0		2.0	2.0			2.0		1.0		1.0	1.0	1.0		1.0		1.0	139.0	139.0	
NC_072391.2	2::NC_072391.2:5582248-5593555	11307	False	0.7643	2	140.0			279.0		139.0			417.0						276.0	1.0	139.0			278.0		694.0		140.0		140.0	138.0		141.0				1.0	1.0	1.0	139.0	1.0	1.0		1.0		277.0	139.0	139.0	1.0		1.0	1.0		2.0	1.0						1.0	1.0				139.0		
NC_072391.2	3::NC_072391.2:85736291-85748282	11991	False	0.6669	2	169.0	25.0	48.0	206.0	36.0	120.0	43.0		274.0	12.0	21.0	100.0	29.0	171.0	45.0	159.0	112.0	6.0	15.0	78.0	68.0	140.0	57.0	216.0	26.0	73.0	49.0	122.0	46.0	23.0	93.0	85.0	49.0	70.0	17.0	116.0	72.0	27.0	52.0	103.0	31.0	164.0	55.0	21.0	40.0	30.0	91.0	77.0	25.0	26.0	7.0		12.0		21.0	1.0	5.0	49.0	38.0	47.0	34.0	33.0	11.0	6.0
NC_072382.2	-2::NC_072382.2:935318-949838	14520	False	0.5704	1	91.0	269.0	139.0	46.0	245.0	49.0	10.0	38.0	73.0	115.0	1.0	193.0	3.0	15.0	626.0	193.0	34.0	12.0	33.0	11.0	257.0	169.0	103.0	43.0	32.0	175.0	6.0	78.0	6.0	73.0	7.0	63.0	100.0	289.0	27.0	4.0	4.0	2.0	58.0	42.0	6.0	20.0	66.0	26.0	11.0	35.0	29.0	33.0	36.0	411.0	8.0	140.0	24.0	14.0	2.0	26.0	15.0	3.0	76.0	34.0	91.0			
NC_072382.2	3::NC_072382.2:1022942-1033265	10323	False	0.6146	2	20.0	10.0	5.0	23.0	48.0	9.0	5.0		258.0	1.0	129.0	5.0	13.0	124.0	9.0	121.0	42.0	48.0	5.0	8.0	88.0	8.0	5.0	50.0	5.0	4.0	3.0	10.0	16.0	3.0	64.0	6.0	7.0	14.0	3.0	339.0	14.0	4.0	6.0	933.0	166.0	34.0	14.0	11.0	14.0	3.0	15.0	13.0	7.0	12.0	2.0		9.0		2.0	15.0	9.0	438.0	18.0	9.0	158.0	21.0	5.0	1.0
NC_072382.2	1::NC_072382.2:1114086-1128324	14238	False	0.5712	2	40.0	32.0	43.0	79.0	36.0	51.0	40.0		141.0	5.0	92.0	35.0	32.0	125.0	38.0	54.0	275.0	12.0	53.0	34.0	110.0	31.0	55.0	135.0	9.0	159.0	34.0	58.0	3.0	20.0	41.0	43.0	8.0	60.0	19.0	77.0	33.0	18.0	29.0	599.0	34.0	435.0	99.0	13.0	280.0	21.0	117.0	31.0	21.0	23.0	7.0		8.0		29.0	23.0	6.0	536.0	14.0	55.0	192.0	39.0	5.0	
NC_072382.2	2::NC_072382.2:1176157-1190443	14286	False	0.6347	2	152.0	54.0	10.0	72.0	39.0	26.0	43.0		268.0	12.0	73.0	68.0	48.0	80.0	22.0	121.0	42.0	5.0	5.0	65.0	116.0	105.0	36.0	315.0	33.0	62.0	24.0	44.0	22.0	8.0	34.0	68.0	3.0	19.0	4.0	163.0	102.0	20.0	11.0	677.0	178.0	133.0	50.0	8.0	27.0	10.0	346.0	47.0	23.0	22.0	1.0		12.0		28.0	5.0	6.0	381.0	70.0	51.0	236.0	35.0	21.0	1.0
NC_072382.2	2::NC_072382.2:12238690-12256762	18072	False	0.4899	2	150.0	33.0	10.0	147.0	58.0	417.0	441.0		263.0	5.0	125.0	8.0	96.0	35.0	151.0	201.0	220.0	51.0	160.0	40.0	315.0	126.0	202.0	70.0	59.0	78.0	4.0	242.0	9.0	46.0	20.0	58.0	390.0	158.0	5.0	242.0	60.0	13.0	4.0	22.0	9.0	64.0	2.0	28.0	91.0	103.0	68.0	94.0	64.0	10.0	4.0		73.0		5.0	35.0	136.0	30.0	267.0	68.0	34.0	49.0	24.0	32.0
